,Parents Income (AUD in 1000),Child Performance (%)
0,41.710998549447744,30.384435386337145
1,31.693795811880268,30.77791876028659
2,88.89771149236918,70.97913448363029
3,33.40513508272329,30.691995248426874
4,45.81153363138796,34.26966808226974
5,20.469252255644108,32.786416626468785
6,20.64165880097036,31.275979119038894
7,50.177462587946955,36.51560861268793
8,93.70714307798706,81.83299565647205
9,22.58894148560879,29.672378488258193
10,71.00953603031806,44.69230243558627
11,44.614472113280144,33.39079161934571
12,67.61378484538898,41.70389452501905
13,69.45731980174736,47.69233886384581
14,52.464744345289446,35.33999033185669
15,46.03233948751428,35.23900171191851
16,91.16725479382308,77.00390608136836
17,83.99949666596491,61.561715570128854
18,42.867630013530956,32.81123181586174
19,29.116429396890837,31.434386957379548
20,92.8737624852619,76.65169693012133
21,32.62146825914463,31.58751634156361
22,47.88511419848943,32.89358208484658
23,83.08576807699535,60.90122436807972
24,29.081154496217838,30.847686831914864
25,52.5807939549628,34.65631147640947
26,82.0606327538087,56.76215730498223
27,83.36272182705429,61.04243926125183
28,35.71559401841079,33.29773986959292
29,94.94009597181686,81.52378462568886
30,22.78922630251256,30.006859609799132
31,65.7552121200607,42.70657699672344
32,76.58509930705218,51.21996501644962
33,80.27327025329599,52.63674089837853
34,20.266379715429252,30.29993546910223
35,26.720802889675433,30.778199015491637
36,54.27209111256296,36.24528180533752
37,48.084577016440136,34.84202491911838
38,93.70690114699113,80.6480315020915
39,26.63378824096192,30.15424728446049
40,29.22703462571566,31.687363167246822
41,40.25260545382881,32.717186053785724
42,94.72377277983641,83.02351874884994
43,92.06197641878866,76.1368558095124
44,75.37662302920555,52.00025679521302
45,66.73099050509578,41.92227739387872
46,33.75026596515973,33.43956738638331
47,81.63670608278585,59.25884736795377
48,95.68232415557539,84.61041515290673
49,92.73200247129199,77.90958046590207
50,26.568312308791924,29.1889000869756
51,93.90587944171703,77.93965653919919
52,70.83791879863833,45.83230564263536
53,95.53651873200897,80.19832869371733
54,80.10492607369403,55.65366962720971
55,44.71615464721259,35.32504991279096
56,68.80099104002409,44.570410504177225
57,83.2231554417605,64.41741407631791
58,94.8950139751231,82.38987751398898
59,61.053455580488006,37.67176846492381
60,77.65514449451356,52.47337910823953
61,70.91567667709151,43.36413973137489
62,35.95880194064442,34.053137786911186
63,64.54640778374345,41.88317552334607
64,85.62146793720561,66.11634444925821
65,45.131055033051595,28.602515928685474
66,67.64124202195634,45.050865640147634
67,37.22578460403493,30.47015996425453
68,93.79072614242648,79.103485627913
69,47.134827024443084,30.896385481170213
70,35.47092850405218,36.31507932663399
71,95.7742878535819,84.10645873157677
72,41.55435734105461,34.471873876517385
73,75.17145696811531,48.780997270331234
74,83.82040027867076,62.81090330664967
75,71.20877842398862,45.9816150459013
76,62.566481679508435,41.10835656850604
77,76.13413255029151,51.83434934223221
78,79.28717596504555,52.05118246219814
79,60.66490411635691,38.55098311978028
80,86.60022057158658,65.62067617799347
81,26.828900384342973,28.81456635995237
82,25.87578738701623,25.795450768200904
83,88.86694829580108,69.54128663905516
84,41.2137295089844,32.728524918267745
85,41.69412968250129,25.522072290584436
86,36.16677160182015,32.3317510367137
87,29.699776005631577,30.31735086552816
88,64.38095497333622,41.98019817228845
89,71.99326944712497,47.71057152250707
90,23.975814892334686,30.314651309103354
91,79.54559431372886,58.08563024424609
92,82.44554288488264,59.01107086433755
93,23.804186185089602,30.76948202434994
94,53.18674323345951,35.57983411507497
95,65.04921726766341,40.622002793702634
96,55.16699817572746,36.58119321578339
97,71.59144433367469,46.67745266047875
98,37.657492380890645,33.77992781998493
99,73.32119480683389,45.8447619071465
100,40.91869424745979,32.073920004444396
101,45.34092191886164,31.141516407161646
102,20.45337874920702,32.272559592319
103,36.00041151025885,32.514453810301035
104,44.67564686684863,34.50747426510872
105,96.87576039976399,85.87295282504236
106,91.05167591399952,73.565900536394
107,41.53820895928615,27.28497327329611
108,97.49512270034609,84.9274436368819
109,64.36533033695429,42.878062577839735
110,76.68260219056046,53.83465818808018
111,39.792439565167605,32.67984039252439
112,98.27007017061767,89.15353825450245
113,95.84893662629383,85.50229527616413
114,88.6168332787014,68.4577447636953
115,57.59588059813083,38.87679521598522
116,67.80794622143762,43.48409474151289
117,45.43029847227335,30.58100113552277
118,28.866463894228023,27.075953943894575
119,76.82454020035989,48.4507635886928
120,51.44492240452624,36.99558792355063
121,72.0334305934694,43.88044186601977
122,26.48700145649462,35.17202629480466
123,37.20063700186696,30.678442124451305
124,77.4626289376168,55.758267359657026
125,71.50186133961465,43.25511073618329
126,75.4828307293003,50.14464704468407
127,50.63944770188111,33.320643914641344
128,23.14914070279828,26.62700353505378
129,95.80131240977514,84.10169202551496
130,24.400310410015578,28.234018723648372
131,71.87857110272934,50.43399194418442
132,54.84220401411331,34.05502257569485
133,51.2934564323551,33.58644526586948
134,80.0365944191499,54.99974200290166
135,24.658204662642945,31.374406391671542
136,23.897760631713005,28.528134432851267
137,78.6234736389653,53.35100992436435
138,46.720754273812126,31.175668390852476
139,91.42117889126408,78.71374487565866
140,74.58857353091031,48.4093478776773
141,95.76225549660421,84.00614740707557
142,78.06002226794175,51.59549411798485
143,51.32904213590349,34.50990584153335
144,29.483305956021056,29.31963877864406
145,41.74392183272158,30.855391901175906
146,91.5145639032808,74.84992117180609
147,48.80183886673636,34.434964736785076
148,58.04672505561694,36.33174403417625
149,54.54412076352461,35.86016830164682
150,76.68378928767166,51.79272767525305
151,40.54797037977971,28.42645707273014
152,47.64380037182433,26.48824945796534
153,40.80221192688996,32.71035382176237
154,88.93505331773287,72.63822386930931
155,45.51963563361764,32.245428167697284
156,24.369743746573267,27.551752884505877
157,55.98420251312155,38.39591246361385
158,89.46321248613488,70.50807382465304
159,55.75957975350085,35.23997967262572
160,88.06543787817486,69.50694111955308
161,50.18520781528992,33.913992500231075
162,72.58604261630467,47.09191702104688
163,45.89497204913482,29.1265645343096
164,75.05051398461576,49.29873764903845
165,69.52765855713196,46.388818908572134
166,39.1793848860394,28.75917102535972
167,32.884335286232236,30.36686402492826
168,51.16758190791444,34.98510613376006
169,22.822311398788262,30.748869146059914
170,82.64726896014236,59.24686650535749
171,70.44702426776685,43.58189701146364
172,90.4052021746545,73.76832156910183
173,75.47261880669657,49.43503441726633
174,59.0861861804726,36.83877798817816
175,66.79222999868159,43.17998361198697
176,30.71037630718085,27.722403386558206
177,81.28011081282584,59.692820718684914
178,99.09726735646055,91.67648674629328
179,74.07500506656461,50.18269079602427
180,68.385177225486,43.4878488007617
181,83.74141671550545,63.86909567764683
182,92.24599704592598,75.11585843897248
183,94.22559319154038,78.94799098075764
184,86.24519424530747,64.52820060675829
185,82.71687282808412,61.12371797567374
186,57.18819037166321,37.043595905233396
187,51.31988418980577,39.90818293567078
188,32.01710557778774,29.524559572983648
189,46.25428434199208,29.94984652944846
190,67.25384975402253,45.95418124611142
191,33.281719013663604,28.445871403745493
192,45.51176070753955,33.326296650510876
193,58.975844417116186,38.21957615775723
194,99.20309950024514,90.10424639865656
195,39.7049520924556,30.4712449407806
196,80.77863624359625,53.85421638087036
197,99.7932662920169,94.02181414042782
198,77.01071418998366,54.29105661204259
199,44.99578346404996,31.429664274435286
200,79.57471471893464,55.56442645037892
201,39.07634521800195,30.425260314323356
202,88.02358046436001,69.37491782364135
203,27.38710255291671,29.389676287762136
204,38.780440785971194,32.80155079353372
205,67.48145364469568,42.41160866938637
206,36.47444803135676,29.957425196377805
207,59.62961216615022,39.36152589537548
208,50.231703213615866,35.25154829818478
209,91.98658249243556,76.272673811864
210,35.94043294224705,30.068450007964348
211,62.03703025202243,40.88433518187507
212,67.61934219881547,40.65847366474439
213,76.78861556871311,54.56378940441686
214,65.70132891311329,40.42846152433064
215,60.19428552945985,35.96256327169894
216,41.02725136631143,30.980135338901263
217,94.4830772718621,81.10527406986556
218,82.77560567567743,62.316270656801734
219,93.34491110646664,81.24230975483452
220,48.14118539972499,28.220553643987387
221,82.58652295832161,58.062918046766555
222,70.4703666936084,45.30488522677344
223,25.195342655547257,33.811158992985966
224,86.31092815672025,63.4124290175108
225,67.58123461624086,46.01783896216268
226,94.07465380008341,79.13043170065622
227,49.92167904967663,30.244669159599134
228,82.72082522715833,61.382639813765024
229,50.74107954435517,33.397014120153734
230,96.30119061791659,85.31556658524201
231,98.59809853659323,86.2415952575429
232,71.53351422268457,48.410960632619386
233,62.415472772617555,40.91343727573627
234,99.18712957737664,92.20635237000437
235,49.01446251470507,32.71652573308482
236,53.39765912021987,33.16579261236101
237,56.23251220151044,35.846134166599775
238,70.21615046801952,46.74938062003302
239,59.56813164304172,38.61544644794481
240,33.65347486585601,30.68341909328084
241,97.71623093390828,91.95740783560102
242,46.97413810415695,33.835371107627424
243,48.95120510759854,36.203939498493945
244,93.6614574326581,75.3656638443016
245,69.66350769853544,44.367289988971876
246,71.25209374602983,47.34303528137691
247,95.59268768603135,82.88695504836258
248,42.40254425993701,27.602544589124605
249,88.1033977639369,67.34205470527385
250,80.6704973453117,57.161296031470116
251,69.16280697684587,42.32604511478789
252,88.29941325151984,67.96717150298764
253,85.91100860316993,63.57018028958086
254,30.838483615352217,30.251921402351854
255,42.96839964519556,30.850748704748504
256,27.25526796166532,26.43748389883124
257,26.54499759650505,28.364567817803227
258,74.00730371393776,47.62923057069397
259,20.71741281107977,25.542090065845095
260,37.140394362042535,34.94004651306864
261,39.78797728741028,31.059715352647096
262,37.820438651468194,30.163249905485976
263,34.56745096313581,31.171761841396815
264,41.850835869268835,29.90827151364463
265,69.72431290814959,49.16916940778193
266,68.19033387878589,39.07038727038435
267,36.49952065834567,30.647786777896037
268,28.503036062368395,33.88966893382243
269,27.05865976872837,30.39079813543868
270,56.36103636273701,35.786949222755
271,43.959427118119706,31.645949812816333
272,24.04421797999585,26.387204634423497
273,93.78101510757239,80.01306041627281
274,72.4911833871457,50.1059686054964
275,72.81412880915302,47.516799093541294
276,48.083867981378276,31.772876813973234
277,89.08644624315423,70.7418830632516
278,70.39481663952847,45.936927874589145
279,37.16053919788336,29.746418459643934
280,35.232688681269366,30.670410736993354
281,33.90628254395547,29.922144358991787
282,50.45806328107095,33.10729443947646
283,54.28738040200663,34.83606007142315
284,95.51968326416616,79.63554212979756
285,54.374391479745285,32.955445880725826
286,47.347507944901814,30.856426609330708
287,73.53109297746647,46.73539288212027
288,80.86588785017163,56.06100257169374
289,99.40716880591248,92.46504158524651
290,91.37060408015748,74.308838148226
291,28.598563688689033,28.096220797812705
292,36.65913052655174,32.58707405223851
293,99.40235656689563,94.01531916152584
294,37.622090336531144,31.966679840882584
295,27.328161149079826,29.47749149146062
296,57.69281259163006,37.95131533709969
297,66.38869006912628,42.965608431098225
298,75.62352116769354,47.43792887072975
299,27.87134491005152,30.363036905208457
300,87.22753361167716,67.23970153842669
301,66.66797705561135,43.950882981828734
302,46.58971615721461,32.27041703285641
303,52.785649242403245,32.96242459482516
304,25.31390963822375,30.5032126164598
305,63.720878525174726,37.52971703952129
306,97.9031468975691,91.62519470956109
307,68.13155992224878,41.77733379456819
308,82.71048163890492,58.953126576140185
309,39.652228567997696,30.36010961394041
310,90.5812209327559,74.92263388969803
311,42.42695846636583,36.90186960387126
312,67.72173829285228,40.78423212765648
313,42.05854116412961,31.607830241860505
314,44.962300307353175,33.59017916445308
315,37.93872516240745,28.88985762351144
316,66.28607479480944,42.418620413025025
317,79.04706812228844,54.59611155556192
318,65.14777728254596,41.835368648320305
319,99.91905436709321,95.66859012074003
320,68.70692830318022,43.85018316705419
321,23.370360234656147,32.788755876976325
322,59.3603728083088,40.06300365693535
323,66.50133190074325,41.641171452496415
324,53.68506884032796,33.87807953540032
325,37.661943453381916,31.477682834046156
326,73.96584526578111,47.6666519225381
327,68.0673772333325,40.54287560884644
328,42.23465375754116,34.93001355201963
329,51.160123819465056,36.46494355244176
330,76.55505179483144,51.47110337067472
331,46.22628411790669,31.267233720723368
332,53.00778121610966,32.60079198422875
333,24.178000254845884,26.884866641158823
334,48.44975565822967,35.50577757877804
335,88.5838576102402,68.88612978440878
336,98.8381740284038,90.17833036173776
337,85.35355364158099,64.58872448991967
338,38.64563270833565,30.241691253439612
339,91.43020914045123,77.58389890131681
340,93.79820784935988,80.15725096639805
341,52.13259354403293,34.14237309194132
342,39.55396215807289,30.958116636714223
343,90.78632611739737,71.38684472981255
344,91.33732233698356,75.38876269729397
345,74.59340054201876,49.633108419716486
346,91.1340664105787,75.66546019306574
347,20.229855016542217,29.764618340474282
348,47.2100204312595,36.57944613568055
349,27.059139161179864,29.754550034961404
350,89.80033458231556,68.68905939946134
351,96.03718931658109,84.8039009147506
352,40.049800412191885,31.99737226642686
353,42.12908713908992,29.123133106039326
354,67.73873335604317,41.21219720840111
355,20.559155062085104,26.32036694754558
356,35.07251462015531,30.422790322598903
357,31.74439913037368,27.555318637188165
358,94.42048439958131,82.48117906511236
359,97.20516363018818,85.51594029827673
360,81.9129669886166,53.703654381522334
361,98.90650970943011,93.25403428850507
362,94.97024038358087,79.56727863562725
363,53.16668023023869,33.96432878397305
364,45.256505027625835,29.990825796862044
365,35.0333083130474,28.259715242299066
366,92.49768686210257,76.39597696531855
367,24.59414945429802,30.73314635050938
368,47.107177299051045,33.816912259162784
369,87.01161853370591,67.02457446616572
370,80.63559054374193,56.471754966227905
371,42.17907686303736,30.585132464341477
372,56.02229932760858,39.63654869454807
373,74.20590218972282,47.43778241986202
374,46.737693720937166,33.494396023961286
375,24.512131133719475,30.931910344308164
376,20.648266364244108,27.792474785805243
377,79.2785530020123,53.944457849546666
378,48.03624010106978,32.168400389433735
379,70.59103908724238,44.97409467970939
380,44.59908856972872,32.61524496361035
381,75.62839569813471,53.2853887901131
382,59.91184681449355,36.30043150130703
383,92.57025288930379,75.98923314504916
384,59.4939683862788,38.81708097838774
385,43.10783586576348,33.45079872676542
386,34.42255918215427,30.663916863854944
387,70.50535814160483,51.37964304249161
388,20.73429629583277,31.080086249102614
389,52.95423867590507,33.58828276525622
390,85.69663018997124,62.30352082601094
391,61.26995775523264,38.23385250350359
392,25.998294825624477,27.398613016784083
393,97.23461640911144,83.77988049297133
394,34.036477255222835,31.69637911099855
395,65.87077907384347,42.735722552280464
396,38.81927365218957,32.96432938443141
397,32.95635506112983,32.11737161068946
398,62.433141836139654,38.71134845398174
399,45.31302114825547,31.531720809473665
400,29.134534548307627,28.298321883183352
401,46.31539230678766,32.43280438565582
402,56.33104349727379,37.32061097819458
403,56.30272072616763,37.99270019956683
404,84.81331855444233,63.42088677054908
405,27.25263506658454,32.35892371640432
406,44.979950359568136,30.276304231567394
407,29.88349583577156,31.794794291402038
408,34.652200561881266,32.11675962576957
409,20.20874262499122,34.300424419532945
410,62.1491329719261,34.10382246356628
411,92.13291710414639,76.95735334092065
412,38.51523028058973,33.24930368666988
413,72.64489061988391,48.52008764054671
414,43.95852803685525,31.03001017516801
415,63.29367998411258,41.919665788582726
416,98.253394031525,88.46743531533617
417,76.63308636136935,50.13032760100461
418,60.37960238952694,41.09381526598518
419,66.94882917939393,42.91913700145034
420,80.40082629073622,57.087352858863966
421,95.54722890028395,82.92861720654057
422,54.03284393711439,38.601499456833174
423,44.72231824069243,30.43306433980713
424,52.12232827741129,33.3201275314717
425,78.59078710946227,52.541548053123925
426,69.8676792949019,40.745628041289834
427,94.02487638987157,79.12071511951078
428,66.76121591285118,43.10228378503766
429,67.59495397872774,43.3768906961502
430,75.73950785636079,48.38194949264303
431,82.14962565562271,56.42323640032325
432,94.1358894110992,79.21567648972855
433,75.6374811780074,50.00530071681663
434,37.3394438066445,30.47730908031619
435,34.34145807496415,30.063575006300823
436,72.12556787218858,49.466669307656154
437,89.71058897123237,70.66420065287596
438,72.51884293250527,47.04470116071673
439,70.48183979412283,41.5391065346318
440,48.057281158715604,31.984944679930337
441,22.3300235738552,29.47501753947824
442,47.79581362420452,35.077627040319875
443,57.173227245295124,36.466210897115474
444,89.31667134303305,67.4041688090255
445,53.884411832671326,37.461330408928596
446,88.00994736074156,69.51532244757341
447,96.58114499784857,84.18479814502453
448,70.43693730524191,45.959349288934376
449,39.28655689379218,29.847551081827206
450,28.51279800677662,33.29946723156293
451,56.65417471093848,35.075848773839354
452,33.273600902214454,29.16487868781731
453,72.71621251299993,50.51568520632833
454,57.075706064506434,36.452707549137344
455,87.41787575697435,70.78867284787603
456,47.32681218068643,29.198017343924114
457,24.272976041961893,29.49904748721788
458,97.17310344136217,85.89035414929862
459,58.15152360380202,35.96481425178497
460,95.04121783539135,80.46115382083512
461,21.82681740900774,34.44350010676273
462,89.47408939873883,71.12674410746322
463,61.80158330220566,33.76117906159263
464,30.37434126033319,32.94024825366457
465,39.44437604048958,31.97547491176336
466,72.25920256953476,45.97421070909874
467,33.436558759925816,32.49688722805871
468,28.608509749946727,29.960366515978038
469,66.194789269822,40.128960271478725
470,58.10845433746182,36.70220662081245
471,29.254313229641184,36.505502643389065
472,65.81651737429947,41.67233570707827
473,76.89344209040604,53.08433745230187
474,29.1855159733206,27.96439862221432
475,93.57565126057173,81.20321811260486
476,51.40830553286226,31.20933179471967
477,37.969538022913554,30.519945359838875
478,58.26329348316903,37.406609238368695
479,38.15693176197959,28.21693620800586
480,77.8975027573269,50.34023718741313
481,48.82395429466757,31.649050769921107
482,54.87459482669546,36.57980847996486
483,77.0326037665575,51.31383923499685
484,63.97142946860998,39.688554457479796
485,90.33926464634567,71.32028255771554
486,92.75363617503758,75.57147867948409
487,59.65286723392551,35.85146796689634
488,40.245368953897525,32.13924024799797
489,84.48248777460302,56.56882554626867
490,94.36311260646269,79.58135425321707
491,49.37975510636073,34.43831207336202
492,69.04703718232871,40.799602859256474
493,98.52062113470551,87.2320783435655
494,81.51879964602033,55.51409638157188
495,83.32223184576105,59.97768747046996
496,51.05652112420109,36.0295907275627
497,76.31350338713736,50.29402635257871
498,72.84212489670946,48.61124741502684
499,25.641262270000222,31.42029646365605
500,47.84528840967701,31.454296783197243
501,64.45510969422828,44.59111676810845
502,50.588061554840415,32.61886379909557
503,55.496577990651694,37.81651001577285
504,99.11156280906431,92.85621374060663
505,33.91018500219707,31.000263056171224
506,27.803492601770216,35.043406506651216
507,86.10571706491795,64.1881840697212
508,88.69885346798947,67.37099278660314
509,77.12679068074945,53.46097043293698
510,64.97134179690072,37.19359521569235
511,96.46193679082654,87.14589400330641
512,34.9392195351231,32.49112105939724
513,26.383009428118225,28.76345555693385
514,67.67600903904754,46.03572261783496
515,40.5638160069558,32.34733106118505
516,41.03016173860519,29.92068862318548
517,38.68184285510013,39.253952887445664
518,25.318113509487652,31.949679612362946
519,79.24731469387731,52.35918092263232
520,81.78418454162914,60.95360569683319
521,61.39355298092174,42.5744999421623
522,72.33097012799462,49.01340358439939
523,26.090416984370517,28.71329825782152
524,62.40622701917427,41.010784095707315
525,57.17937364716728,35.391870058245956
526,41.71430452632543,31.609369246815792
527,92.82701092246609,78.02519876570348
528,21.05131038343483,34.30460593455096
529,32.993586154553824,33.78701611974391
530,33.128174767545985,31.22986079946648
531,67.58285751843688,38.515337671013484
532,79.60176657710906,53.760259909936224
533,44.306102463423464,33.12854737363634
534,70.99727203014668,45.576397244829934
535,54.759471362352244,37.03561573528851
536,56.457544862111966,36.053482215806355
537,60.35420794910727,36.293732138350684
538,87.3766577030704,69.1503872252274
539,77.81413319106397,56.75105315425235
540,96.87123364681408,81.75303776810445
541,35.139708128694195,32.1446752787349
542,44.393651452388,35.64096587135303
543,93.58878644277796,82.78490525331172
544,59.71670886046195,38.73325525198887
545,66.85362774191287,42.33132135577895
546,29.784152406370694,30.811830427951875
547,32.93010164376797,32.10046164309067
548,98.51523224219471,89.83908095283245
549,64.49189031973104,42.44739660342667
550,33.85061183461723,29.81145704558458
551,96.83389177014307,87.06350053724879
552,91.67843243658231,78.62764885710918
553,65.59930593132465,42.53593215906291
554,49.72785005157977,34.854335252718705
555,74.00046756982559,48.24036022240127
556,87.01936757932344,66.16312244315861
557,93.54056131581993,79.13939601729004
558,62.91371839410203,40.23598046657138
559,91.67164578402178,74.22213088171462
560,45.36178492144596,35.31980621719369
561,67.11279443699596,41.19695785506041
562,74.07202825473563,51.84625397693987
563,54.87436523514248,33.71169592860922
564,63.24063130066898,45.43751608774215
565,86.23402010136617,66.7716800737765
566,23.77393409877105,29.88835123706665
567,91.73288043416727,74.3408001327478
568,26.436452786942837,30.114237899192947
569,30.486842720137624,30.9283704446121
570,58.77633852968291,39.70791910256537
571,93.76736026892148,79.23614045110705
572,63.44709744405421,38.9493681118769
573,63.247004052415946,43.86190156797806
574,77.05387647668047,53.86516356522128
575,65.03079099664271,39.80438122010463
576,95.70239159752944,78.23979768218715
577,94.31944812450142,80.08623596268355
578,50.998449689991226,34.50645177611696
579,92.18323434752696,75.63834796799021
580,88.49867697425597,68.10270219458845
581,81.08453696323097,53.76486182199752
582,92.26458247903709,75.5129501306164
583,66.5729734767254,41.98675797116897
584,96.19775385209962,85.12134739253928
585,59.63726008172104,38.81951934869531
586,46.19338650756453,36.26521495689145
587,35.75420502604916,33.71882328400649
588,51.64992476639709,33.70587913395296
589,58.73843438856455,37.69289662102179
590,42.82902534061766,28.724773522273395
591,20.77824781743063,31.09427636776982
592,22.408689452854283,30.33844322806233
593,53.42307824481553,34.153349640714495
594,92.75996828672828,75.18453219487007
595,87.79390158214179,67.25687976384678
596,59.2349302499322,40.561560375774725
597,91.04705798584293,74.41739949107281
598,82.80579356885232,58.92080164052694
599,89.73764309454195,68.44780032370738
600,29.14825394404307,31.68654724943338
601,70.28384146463026,46.10725311418979
602,64.79201534132882,43.58013159458096
603,40.88461792631509,32.30408802053522
604,95.90364679653356,86.20734628371461
605,95.31461891681371,83.17886476785827
606,82.80560164827264,59.01922794044338
607,75.00372507973292,48.42287828458157
608,25.199392816995292,29.777525246437197
609,22.823567162169667,29.096443323923776
610,57.28699207100113,35.66833334557748
611,42.826933907178145,30.558702781598946
612,37.094044009032004,26.67982693163541
613,50.564713477668164,33.99227963049423
614,30.182444067707188,30.18470844973598
615,21.046580365721354,33.31431759831519
616,95.36065303511106,81.59821905838729
617,60.42246589377774,35.966142128770706
618,97.4096372270107,86.72062499324164
619,51.32902800893768,35.064140303938956
620,51.58914206820651,35.92952091564511
621,26.79595093555534,28.44027620559936
622,82.79208274839141,60.34206296023715
623,44.771416378545574,28.52874159587262
624,37.84788714836452,27.271444466832648
625,88.38466105219331,71.90132349682425
626,24.30256820487675,27.437561002711668
627,95.24069603668013,82.63572159810103
628,26.707272058907854,30.218720110336953
629,83.86040430314199,62.52985519383932
630,68.81681343475937,43.124612362394885
631,26.209619639348205,33.59615354193296
632,30.43251011621568,28.117885281028222
633,21.552473078038208,32.06751925246257
634,34.30574536682122,30.13789357778401
635,41.73234652544905,32.60484282882063
636,93.76610022736293,77.77429363905786
637,30.789369832309397,29.15827803983742
638,32.59990250199472,30.64270028232298
639,61.51540928999591,41.31570470291514
640,84.13478933312925,60.102461913632666
641,29.007719651484337,31.34136274741473
642,79.88960010194035,54.25736284327533
643,73.30338696138217,49.921172993453425
644,34.888481907404056,29.742414433221807
645,89.87729422751462,69.0696337927225
646,32.06192638929046,30.44130016516848
647,70.71302743223677,45.71321215523624
648,92.28187651349819,77.38886634611964
649,77.4898269021439,53.187145296501924
650,25.340273219580006,29.74194391394589
651,86.61123090498889,69.08495596222896
652,83.21152269820769,61.434645891816835
653,28.724080661490934,30.659088065833057
654,53.047016031413676,33.58611584835176
655,89.62983020645342,70.59719485743501
656,95.39883893754167,83.68611591858222
657,37.218985486032715,32.72618171644516
658,51.69088893156983,33.91848688814364
659,97.2192748760064,88.86316077835059
660,20.49260824672392,28.40826817064595
661,91.06069863935458,71.15704970581828
662,41.307806590778604,31.962489901750494
663,69.4668608060247,47.99141732395016
664,67.06518632942863,44.296292544167876
665,52.88905619690989,33.45091290669721
666,71.09923971213676,44.86288444235504
667,47.19387458646849,36.802571890307505
668,38.33347954090567,31.34753334654498
669,83.07438146405487,61.21072614914572
670,24.733456353608673,27.818861638666174
671,65.9352735332846,38.28134539388154
672,87.25092521845859,65.67789450685572
673,78.69518623228333,53.52593185329077
674,27.194561009169654,31.0081087167164
675,95.42589741728266,84.5854230784331
676,97.05261614521467,87.58335863111084
677,92.38802226726065,76.50652474054935
678,27.568796144436938,32.83942747816525
679,73.22681768674066,45.80045574121881
680,57.925069526201426,35.00000231436844
681,24.77674546417979,30.199994136345026
682,98.22249669611837,84.73528843985817
683,59.77690851927784,37.27787200961928
684,99.06606406345895,92.1563393225759
685,74.55941631564887,52.25407851007388
686,79.78974649047612,54.45707441744648
687,97.02075647350983,85.1038658541979
688,57.82721361872127,36.52589538487117
689,99.72593841237195,96.02671961958329
690,80.98007954908216,61.439435929139044
691,36.74237979238935,30.057888738967314
692,31.15975416986992,30.66164960306073
693,49.42414244351134,33.8507890617872
694,96.02882025999668,81.13030366197698
695,46.55162905556848,33.597371605875786
696,58.073321739819946,33.71737058489364
697,43.50288696477439,35.39168363016852
698,77.26100206430246,51.41357762763832
699,74.65218710228191,49.21209099488646
700,80.83988384578326,54.66380141274556
701,38.93879383409193,26.24451991792411
702,82.42459825258257,57.403511728055186
703,44.783342567900426,31.101197724193458
704,45.25387724412574,29.936392440884035
705,45.37934290458046,30.36716857497834
706,58.501916299999536,39.41206336988087
707,70.3349525982467,44.821109367865496
708,72.01659872254578,47.19292318545037
709,66.55325519069333,46.25096974039411
710,32.64747370729452,32.77313920304644
711,58.22279723347037,34.05618722067633
712,51.423208954879385,35.342556792862666
713,93.64197815817799,77.4777206382294
714,79.82123856589216,50.83247437382667
715,24.576607519329183,32.644148749371986
716,89.11039905692846,70.80367932868144
717,47.55189984439384,34.087661802138655
718,66.45786414995175,44.173486326740424
719,85.81192138316864,64.36649811010669
720,78.44580395219486,49.55274898411612
721,81.96915299951556,55.83944435249174
722,41.27494199892403,32.17932617962933
723,80.06646004837657,54.72280346562062
724,88.47975388186094,68.25917018502476
725,59.08368359506429,41.39089900628233
726,34.38621552510299,30.96812398521003
727,90.9260541181756,75.54990353115582
728,51.48439341737272,33.592924653065175
729,68.04472717755488,41.10384781453902
730,30.457259706675792,30.594326438914877
731,43.77397335439852,30.059501480703858
732,84.006424413878,60.55048554706352
733,38.220793730018634,32.11810469258192
734,49.33997827792189,31.754944929392
735,48.938342136875654,35.75993901250739
736,96.27501497899397,81.81994796548308
737,54.39265020074391,37.403158662393736
738,89.61791057145854,71.11771897842453
739,72.66842029817508,48.67382252160219
740,43.71513546889575,33.87733426410642
741,69.03468526821402,43.22469963786829
742,66.34723145043907,42.286501810038935
743,46.16458432504117,31.0441098122527
744,29.886510557778987,28.958547764263546
745,31.79257357581557,27.103265755768508
746,30.438606544482816,27.678938069856283
747,65.34193369159328,39.03820485106869
748,85.77581341238609,69.2965865167875
749,82.92080090876134,59.27311769692622
750,46.5615579270077,34.40711816415741
751,94.50634140847585,77.53216022463043
752,45.92467754756241,32.92037009204896
753,64.08519915006406,36.47792522062986
754,65.8219851058366,44.1762847337432
755,75.27575513266795,47.951092132189956
756,36.29918230854031,30.436853557127368
757,67.20948459400394,42.0020803256058
758,69.9954545300076,46.67883656620399
759,67.74954489680135,46.23707969470181
760,29.403650983395416,28.085476982185508
761,56.651448676850265,35.23201924642361
762,53.999499995486524,35.317681106617016
763,51.99669090263328,34.83208492305011
764,23.190808562022998,26.33559209058662
765,86.6426950477955,66.5057902274182
766,34.28953618877428,29.17534624239509
767,59.24819624207281,34.91643950366376
768,87.64234383296399,67.46664634218037
769,98.80614875593344,91.19740719217248
770,75.36717061223285,51.51765145895582
771,74.57281402248398,47.59856168258274
772,72.74694294566419,48.02571679531348
773,51.01687949842369,37.622295327599936
774,45.0781847505207,31.976109549854296
775,45.59115488806698,30.601255309255194
776,78.97377435362296,57.00268989305462
777,76.75348046955685,52.78597762184701
778,48.277884124122934,36.20348854310279
779,93.46342775583535,76.76758138478546
780,56.20119273033933,33.57414851340557
781,85.77459120361709,62.70974229468055
782,33.24009796901494,32.37057790928527
783,35.53248431608072,30.25663129258241
784,87.1629468942012,67.68225190317519
785,94.43378767782453,82.84073427264934
786,88.97880882350424,69.32874329664537
787,98.63212577562106,90.13654758406786
788,95.86819078510925,81.38475895808548
789,62.569396391804105,38.821433995765105
790,80.12012860839249,57.576033579437436
791,30.73832408706716,29.542788242526175
792,90.70965360152877,69.82755358774676
793,44.66287638206528,35.17902229228542
794,86.80162864102768,65.5269654836813
795,88.24469982270327,67.40723316055252
796,35.12709989447133,27.69469788767655
797,49.12090191575128,34.9290518253369
798,27.973637399847576,34.53922502540707
799,43.64817985172115,33.622350980096954
800,63.64681906777862,39.65961315199724
801,99.05654945365464,92.45154883543698
802,30.723354736069204,30.040048951709682
803,43.05175799017732,29.656735727832757
804,67.64274997046314,42.63729174377964
805,76.19612252826634,50.40405778711685
806,93.77654582226195,76.69152306037796
807,80.79768072482983,55.809726263829305
808,31.22588587702543,30.173810666028302
809,24.559013195741937,31.713243565456708
810,76.75105319710465,53.57500470641881
811,93.97984858524164,77.10791120518088
812,93.9861547565931,80.56830501488068
813,46.868610468473044,32.51938663456894
814,75.02717921720586,46.60331626413778
815,83.72706888167414,62.627089044590356
816,68.42021515535384,42.73973238753032
817,53.91675355335756,35.82253130555541
818,54.51569089811542,35.831813779977296
819,30.659994028447315,33.91490397007821
820,50.10356912537584,34.0179538076482
821,40.067923061977034,30.844463512914395
822,91.79398380759751,74.37956064326971
823,82.17094030759156,59.40418689658807
824,54.46113493291361,37.58122656861057
825,22.534565305890794,31.233914623286463
826,59.12355046706889,38.83515798811963
827,68.40625743484982,41.91898757076495
828,53.77034999531364,33.063591976492084
829,22.469483138115656,31.675228045910515
830,84.59901384788216,61.13550351901416
831,74.06847539008629,48.734654654860066
832,78.7442031494338,55.39316928048742
833,91.36549778217837,73.1589763517674
834,70.0035182401605,45.72551187262229
835,35.59269411170297,29.079273052559287
836,79.83688696270235,54.011006734031405
837,82.05922645223913,58.97363881330648
838,22.970376410419,29.77968775255933
839,29.7203081308003,31.351035667669862
840,91.54084338160051,75.63831042302729
841,68.0719413504778,46.777015071302756
842,31.691147804658392,31.202348019870477
843,89.24911750290124,70.20819715333113
844,85.5555184181301,60.03466222348254
845,71.64621890812799,45.2995440981952
846,65.93263819196929,42.67348325303591
847,62.130439440495906,39.65947911951523
848,49.28035359801334,35.612368442944636
849,38.02425630698711,33.227898169334594
850,27.08079186107077,25.91311849111371
851,99.9401820557238,97.76994683698987
852,96.16816031419303,86.0731640778848
853,58.91739284487963,38.427991986275124
854,81.04161433773353,57.54667186369066
855,32.27829321438273,30.73454038449338
856,53.35824949232623,32.576563429504255
857,22.447560222235072,32.28979443049591
858,70.58412632760889,42.981760605071166
859,46.77608861121276,31.56184407551609
860,47.56174128429574,32.60924243384051
861,97.5865154689939,89.00456060514136
862,47.60400076409897,33.493962589142875
863,44.44384272183683,30.375827419962093
864,48.41941217782093,30.38114903245844
865,76.19467636723138,52.47671741379131
866,47.25490024719867,27.20228023499232
867,22.011477033964617,32.69097262100604
868,36.60848656563056,32.8806664135686
869,73.83540258180491,50.15609566446982
870,74.86068895028382,50.148796604564545
871,68.5175551028691,42.93115094610216
872,99.43207074817275,94.19834164849048
873,46.90121939689682,31.106944586789528
874,37.381121993352586,31.35308350759197
875,29.71456904808032,32.33639102445483
876,91.89790764495268,72.46273142811631
877,41.42222424807017,34.1617615638715
878,71.16433147948356,45.923100965542716
879,45.73036601055009,34.52437872139394
880,67.00324518072752,43.205438752593636
881,71.01314471203759,48.331231411929714
882,89.05207943690507,69.1448229522811
883,75.16176473367311,47.85719496274274
884,97.81317477739603,84.70335368934283
885,84.11240301760677,61.48072606583745
886,36.143283450868715,29.707665097524593
887,29.38447487870861,31.33783202102844
888,98.2343163775183,89.98009181966333
889,46.73876122290131,32.75520173838288
890,56.21774574892814,36.00236276881671
891,77.62830932247998,51.49002888437344
892,21.74065966607572,26.789770218017633
893,88.30782342896148,70.74518665150119
894,29.75105816400803,30.574909034369835
895,61.70682027402647,39.336153675047775
896,58.400229314150465,33.85636189917449
897,79.9176301278483,54.87458095450751
898,86.58724805390686,65.08775213039229
899,72.21167460737823,48.53975264098221
900,95.99504298150536,82.75801443604591
901,56.17739284754435,33.581069534458
902,58.809146491380645,37.6902272097691
903,59.817713834455944,38.703336635075765
904,74.45592194270522,48.882728270239156
905,61.743787566790914,39.247917251685
906,94.2400742253242,79.74711266374827
907,65.92483830138886,41.72242468712718
908,64.7703556167541,41.06644007558803
909,96.6456839282852,86.12163726665896
910,51.15459823000849,34.03911777795692
911,84.60377860190926,61.14613856152478
912,40.237601536975724,28.78871168962011
913,50.736648814525616,32.56181446262036
914,69.29732361521842,46.036061632419056
915,90.52485504642154,74.63098945511699
916,40.203566153950746,31.410652838445692
917,43.84158786674167,33.693443379514655
918,67.53334472364811,43.3472232831104
919,30.79462233708614,30.150935669935194
920,22.191917836727946,31.167461568929788
921,57.427698318502756,38.642734516283824
922,64.10924311297872,41.29964984507683
923,80.06380061575398,57.64342450656394
924,40.119610867849936,31.936233820332653
925,65.43708117432122,42.63200601289561
926,49.89451098226267,31.508911487579994
927,75.29052543898334,48.72549190840425
928,46.90750008840675,34.40123706319242
929,38.22917311224221,31.928044463086433
930,37.0499639760937,30.739862946651396
931,89.41879199298972,74.44769413590987
932,71.77682466605788,45.36906530349768
933,35.786574726464416,34.49207378950112
934,79.7176315411042,54.83380391752303
935,36.99008944998356,30.960286765046373
936,59.72807860544995,37.094167746998075
937,55.27622290039248,33.59335629217088
938,25.25062482415823,30.73065060266939
939,58.64331949298776,34.24603413558511
940,26.417934079319878,30.85201028551192
941,78.90389698083447,53.710322805519574
942,69.04646666587483,48.53847865469844
943,28.766697677711328,30.79361430967409
944,42.67836042166458,35.004127939415774
945,32.96414715717386,28.830520502774316
946,90.43715980764813,75.9434048105725
947,54.034247404908164,33.0828731953879
948,45.54442405800405,33.00042493158617
949,89.52089675546625,71.37860171928435
950,72.35815849720495,46.16181145297464
951,24.18069528852074,31.533936239138434
952,21.339576543908912,30.814383607235932
953,62.053939699362886,37.192604654919265
954,62.133127286792664,40.501885024249674
955,88.02364925329964,68.7774825804775
956,28.900070079991337,29.47019291012775
957,83.39529462048719,60.66088108147327
958,96.11679716724514,81.35636473108882
959,29.988375479167424,32.37708922476296
960,88.28602230521521,65.78403763363904
961,49.0236937842683,31.928795002909986
962,35.5818540221076,28.915223918839825
963,53.84084391685665,33.381057412963195
964,95.19981489214942,86.23326486044785
965,88.60158039835132,70.92203361745982
966,85.19876870036504,60.652616522293506
967,68.65461519735537,43.415157138976035
968,28.95631567057963,29.379761047741518
969,81.54252474770392,55.94854929757565
970,42.25398184137434,31.297022877553914
971,60.90597711478689,37.27014158586551
972,47.48784599153203,31.8605275249828
973,51.43712256485603,30.594772803682638
974,47.562075339901625,31.995438501524113
975,45.84202746453779,29.97730226420548
976,21.530272328773606,28.502935765058275
977,54.37398208594085,36.13144947739048
978,48.31687660025605,31.385299255031732
979,56.98705443343292,38.95439222051739
980,93.8116065623839,78.57544593808144
981,96.89080396056555,90.6104693518052
982,93.35338228593606,78.05151869048792
983,83.62878253502235,59.41730929553236
984,28.750546357697225,30.935125421325694
985,49.923374335424356,30.886979258324875
986,53.595222954306045,34.07448182165487
987,21.311968808949054,30.03302817876043
988,47.9556883651059,32.33264808535488
989,49.11867469458926,33.298229510359754
990,78.65977502792809,54.924571120500374
991,67.1355083789509,45.251307014116975
992,56.36759798241702,34.62482231836375
993,34.281019085200064,26.271786289346785
994,33.64748097646732,28.77074542625094
995,73.46700550213441,49.708208955413824
996,71.43374404441417,41.52241894351496
997,64.65659622505088,38.84858072850453
998,42.64423187387393,29.228198411290688
999,48.82034204122564,34.57114843880416
1000,78.80035377560942,54.129172690121145
1001,26.88449310777859,28.598525401984983
1002,47.768217587331264,35.80058648520615
1003,50.13260943335325,34.237925581342225
1004,26.06065049907608,25.134987786569987
1005,30.758090437929482,30.908138853971554
1006,69.8074504285151,45.51612076839013
1007,96.36504051120303,84.07733966096706
1008,98.9738315535132,91.82773327456984
1009,84.0952833074991,64.53905958408085
1010,25.271824327637393,32.56805548181653
1011,40.78795241540293,31.079626793517132
1012,87.41778000499718,64.65166833813451
1013,40.05632825744638,28.00920844183687
1014,97.32445952914058,87.41721343304823
1015,20.809793464986193,31.452177511059393
1016,66.94099288265781,44.128067993140775
1017,87.22781552748549,66.6429756642124
1018,97.77242912900965,89.76138300693475
1019,78.26189698415064,51.937926864229205
1020,22.96267305023031,29.489409584118796
1021,64.6639428243127,42.37332959342909
1022,54.43671390629753,36.11441450111689
1023,83.82080859934064,61.64186266300452
1024,44.2179732382107,34.12428691707623
1025,54.560179823846475,33.950327776576316
1026,96.26200000913529,86.93795332647748
1027,77.61297924812203,54.838815183726496
1028,25.418894566837267,32.59374749953276
1029,53.22244563070213,33.17674033072911
1030,56.86758531140235,37.99122958778515
1031,73.56734502930199,46.97103297621207
1032,48.560502690873186,34.75634683396955
1033,64.60414915742811,41.717996092016634
1034,50.203176832922686,36.101783554637976
1035,50.6184045933502,35.85196710845026
1036,73.13919542212378,46.47354704573237
1037,40.4218726578618,31.67382911433805
1038,62.878460706132586,39.84567831558985
1039,32.58039083142657,34.65958675074596
1040,65.3559658916034,41.832253484560034
1041,21.30925835827454,30.92602031029078
1042,20.42169199775744,29.93777027189102
1043,46.48354774161788,34.9627689645299
1044,68.52523526487181,44.37878693488223
1045,92.00111463155592,75.33681864784647
1046,70.69999824065061,47.10793177946866
1047,69.48386971747144,42.327724343494154
1048,43.11826629212284,32.39973688577135
1049,28.64580052190928,31.032162362282705
1050,26.45722662036721,32.34297073367755
1051,79.24391098104786,55.17041877930413
1052,94.31524857778689,78.24540574160567
1053,72.36925151393368,44.757323448427364
1054,67.45940878301755,45.013549443158624
1055,94.67214570271949,79.43666216705368
1056,27.747403478703056,29.06456467838603
1057,85.2834777933958,67.02247690364153
1058,46.78346905427333,30.890915612754693
1059,94.19958645454957,80.96986605702166
1060,79.31493782872504,56.5369876342095
1061,96.66316614571133,87.50297194664198
1062,66.58048605231727,44.11005343794882
1063,42.66692710510371,30.251262871149148
1064,41.6472179187915,31.88517347672604
1065,78.33483191385827,49.479625741571006
1066,43.65904212235008,31.994694002541213
1067,29.028735670318824,30.061072412664704
1068,49.86822934836641,36.51563263558326
1069,82.3488033541095,58.806432295604154
1070,51.176054073479705,37.56594060708266
1071,27.03592849461127,28.98470969482545
1072,77.83894209575531,53.34165881130939
1073,32.531920153989404,30.45505150254894
1074,74.24616106497585,44.80435596926797
1075,73.43203533826653,47.58936539829751
1076,85.4256657308889,62.98721989889525
1077,23.984485719047683,32.287491968278026
1078,27.020724841561147,30.884706503676732
1079,85.42844676354898,62.44078768617608
1080,46.24666997446837,31.56500241913083
1081,28.9897319364826,29.448818527802768
1082,87.53029070531072,69.44845625393259
1083,44.67873326776886,32.90570768777977
1084,27.28906295938608,31.58859061136712
1085,72.5114960084006,47.94205114671663
1086,81.89746149835989,59.13259760903737
1087,87.49424882037518,67.50103034803828
1088,72.79011568274453,43.13931816696811
1089,37.37177101430901,29.850356615052167
1090,36.731554850032495,31.09294781164545
1091,85.73256250399517,64.53102709059422
1092,94.76887675164397,81.11871701741585
1093,35.937278479621895,35.02297611680296
1094,77.75271868219433,52.10081440557983
1095,46.89026864792786,32.83408340390983
1096,28.22674004212668,31.23682975728612
1097,38.660815503081665,30.914228096516133
1098,97.14208948813888,83.5706773932717
1099,72.16970128331187,43.561942559437824
1100,55.7279450939189,40.74532163779769
1101,37.62594531344283,32.30920469034017
1102,81.74421733391532,55.07380272093389
1103,80.66553708137107,58.82053571056066
1104,90.7245132902545,73.63556544454924
1105,20.405088415744494,29.3359155277428
1106,52.655776026655765,35.31016171611329
1107,61.47119418544996,39.72897935285529
1108,72.586637519466,47.53289354126271
1109,78.1694470931296,55.42240376240218
1110,40.123583382301824,34.32814613906322
1111,61.22407524634957,40.70486455333608
1112,80.41067445930693,54.296411238130176
1113,71.2920945793537,47.67886682216106
1114,49.60177414247906,34.367613571438326
1115,40.52451478456192,31.99964745103227
1116,32.613201913731345,33.64961366600226
1117,75.35527547069529,47.82953099064753
1118,21.918031379433973,29.143950608595958
1119,98.32998902305988,88.84277864601572
1120,28.398982268183772,29.570370187314666
1121,86.1178461731886,63.01217711649683
1122,77.47653801426293,52.26341928564235
1123,89.46651722798697,68.70260599002533
1124,69.67168349815621,42.47979832597324
1125,42.6981547231192,32.16918941783389
1126,39.59483186528718,31.11701962293551
1127,71.30487925671403,46.070149128256865
1128,24.636585087515115,26.80092838968898
1129,57.45524453589738,35.83526600933261
1130,49.3763224591263,38.91952525235954
1131,47.49676877718605,32.81085279597441
1132,92.7554843085938,79.8869768453215
1133,41.65635876023609,32.10864437203053
1134,92.94783626251225,77.40755119611224
1135,33.93064277681384,28.368608588615828
1136,55.909200661572115,36.573836138311314
1137,20.382714348340976,30.801744780858222
1138,21.891887484261304,31.70166383291059
1139,64.93833508159175,43.30739035987747
1140,69.83580577568567,43.02872611891756
1141,28.631495923124326,28.223369766915184
1142,59.43803132814655,35.532414832815306
1143,43.10689664242083,34.47270487622497
1144,36.84682164013745,30.723267517165265
1145,86.79384794895495,65.13211234412938
1146,94.03824616192449,76.99325175884925
1147,72.93848874984722,51.298453554494664
1148,86.71969692724677,66.0692543223194
1149,67.53327348128812,39.80130496305686
1150,60.15370318038022,38.803838175189675
1151,81.37700344701997,53.923107568184186
1152,37.66853103031633,33.26138210029039
1153,85.29505793903719,64.655202480032
1154,68.76266934900092,44.535749219770224
1155,99.77306279409197,86.92519499541898
1156,32.68612915838658,30.207351104903182
1157,55.229114707546685,36.51085603861749
1158,40.02309095939307,33.03082990328352
1159,72.5215845923318,46.45114438179198
1160,87.2912789816631,64.56878537111736
1161,46.46159009231363,33.60018896401098
1162,68.49128385036437,43.44278617239002
1163,81.4700537792929,58.418637278200606
1164,91.2863357393497,74.57179650438212
1165,52.45378817864356,36.50486245313954
1166,34.30272490499058,31.70513852791288
1167,87.5930446141848,63.70200903200721
1168,30.41838540158291,31.263628078371624
1169,41.57945420744557,29.726916405453558
1170,81.93582523362002,59.12007120084438
1171,49.430558526969335,32.77048995544419
1172,36.848992540406094,29.679230149493264
1173,94.19456691171008,81.08307816734442
1174,47.73543906716743,32.06116618234734
1175,60.57472991303812,38.08385424116631
1176,78.94649300984776,54.398008577134796
1177,79.88887374259652,55.02096233620451
1178,50.7887890994368,33.38340924701677
1179,38.428258443836796,31.779390645832844
1180,79.86408973529707,57.846760652669666
1181,36.015996550306575,30.91382506461008
1182,22.589011420573115,30.999661610365987
1183,78.59637561306363,55.01016961388109
1184,95.71863588270651,84.77602736779907
1185,96.33974671285917,83.26848710650192
1186,71.740188005956,44.4704910984433
1187,91.40731609328395,73.78952305939106
1188,82.13399111580043,61.17137893919003
1189,67.68253790404216,39.48363576268661
1190,33.90041115154041,32.31764309222594
1191,28.814797245459125,32.947132584288724
1192,33.97129755241959,28.225244432061714
1193,31.6373485196924,29.218239347118338
1194,46.051072950993145,31.919190857765702
1195,96.06456701640776,86.57138639254318
1196,96.49580783972729,83.57022201411857
1197,23.647411309167108,31.449891697460515
1198,77.76043528234482,50.970865328884656
1199,44.348771686149526,29.933349994296083
1200,57.01536235466741,36.625205596887355
1201,86.0328417893931,65.3726315204479
1202,57.66022673612743,38.966202750144646
1203,70.4173227207659,42.02609192977641
1204,73.00924363258167,48.63224959310773
1205,40.06389510217855,31.83514879933448
1206,21.75696755829791,29.438314166697417
1207,83.65506174553428,63.04335373918799
1208,81.80566902160562,54.532492428007124
1209,88.29779966283299,71.52548683537333
1210,96.0427488225238,82.40231490013034
1211,60.832937768059566,39.86736660411325
1212,77.16194537312106,52.85976448304976
1213,84.06918626299864,59.04010796288573
1214,46.327316329706285,32.194242057955805
1215,61.51038810431597,40.02222208688176
1216,57.05497566438186,35.81111453403945
1217,67.50244375307693,43.99866384983539
1218,61.20638539105962,39.70245548703059
1219,76.9643129139868,51.9272050451764
1220,45.03918037491043,31.85501510667615
1221,71.75829808598857,45.728381676262394
1222,38.045394170209505,31.903430469481762
1223,95.51218407288827,82.48249202843071
1224,23.836459051487388,31.71363064083713
1225,71.08460456447914,43.820487663035834
1226,22.905193171293227,30.650892125530977
1227,51.73680474787002,29.859114300948377
1228,81.12942333628447,57.52457439420061
1229,35.54667037774961,26.920062308494675
1230,58.85018262250376,35.83911355355219
1231,46.159274691567866,32.057387110659036
1232,83.19688445649145,61.097012721084965
1233,77.90762901212648,54.39065496086573
1234,49.16446180943046,37.387266928101546
1235,63.626717807055485,39.378059342015895
1236,96.79547688352555,88.7093798351765
1237,21.620067563541923,29.701838536787225
1238,95.08412035886417,80.45265963947644
1239,46.81974634055404,30.060689310627794
1240,76.94071795192902,50.8479919513343
1241,45.14753946437131,29.281415920176187
1242,73.37011283561023,48.451403791209955
1243,29.642010302352872,30.327833568262793
1244,86.00905496502365,66.27419440172005
1245,43.60261584391048,31.50477302778391
1246,33.405002984813066,33.80312582378625
1247,64.39423002371282,40.4733840313107
1248,78.99933479265668,48.75053826356641
1249,78.87323805900223,52.54401540476228
1250,95.3666453896171,81.14463057806431
1251,78.51910462837893,55.903000945488074
1252,20.92014269172907,32.16462973527895
1253,30.035370047602985,30.17620434893051
1254,96.24705979440161,79.73774688598148
1255,47.424811788692935,31.954368467163924
1256,28.28190461730844,28.59761657550768
1257,84.11360773749777,61.289323335710904
1258,62.28272647361955,39.19628768836278
1259,74.69159568074764,50.84792710734616
1260,38.50955896646573,33.831002449259
1261,41.586210361007325,30.96534991798339
1262,68.4321177954931,41.55087933269324
1263,82.7752477100086,59.39995316528736
1264,79.29958297273133,54.78938781962525
1265,84.95245512401905,67.03430641466483
1266,88.44128256861387,69.33883575115013
1267,22.89645212750837,30.691486179925807
1268,52.269208373359504,33.65859131564554
1269,92.4933167923517,75.49320831004502
1270,32.32973613518878,31.010905735732084
1271,29.060656125996502,27.38910688744336
1272,71.46966875458659,52.37511588794612
1273,53.40644194895037,34.334721861602304
1274,30.953329505341074,28.955880480019307
1275,69.89674374329991,47.35775672515759
1276,82.71289513459284,54.0557119908468
1277,89.21703892487758,72.46851356598377
1278,59.713628482046694,36.608162912019836
1279,51.71558996473165,30.91588567154795
1280,59.27018710232922,35.20079896749712
1281,61.46636798787806,36.61231222692494
1282,81.75151958717709,57.559751629105556
1283,60.05398882880204,37.113437040315844
1284,95.28603014515859,81.13926234446775
1285,33.27393531337506,28.827219460414106
1286,87.08487623138603,62.80322998099014
1287,70.38606205287962,44.24319223528269
1288,53.08049617276035,35.033495193927386
1289,23.31948100749858,27.306392353114546
1290,39.019888599030494,34.1098205562544
1291,56.729177028500004,37.09395231305445
1292,74.25394371483014,48.13280764269685
1293,57.4872079268743,37.21650496646648
1294,88.71991888441914,72.42089945404628
1295,47.11364613773948,31.948711644303057
1296,88.09067651809823,67.87673187955323
1297,26.17284814844803,28.574474272719456
1298,94.78421573176743,78.1987596790538
1299,79.77050628279014,53.738656182581316
1300,27.676020830051236,30.278570249319827
1301,37.43901280071946,30.48998224746996
1302,91.85985198414771,77.58143785055744
1303,92.02176351181785,78.11033192554243
1304,69.56647407415687,43.73152704779125
1305,58.601185626140655,35.65461510549649
1306,82.46749253662514,61.189105280429686
1307,27.86544746451222,31.37081039485312
1308,76.61786943463837,53.26551478000542
1309,35.57422428986711,34.41122698885847
1310,92.5227789013121,78.03778474455919
1311,83.94432312332607,62.55164305225707
1312,69.49312078095406,45.68354513162595
1313,68.7912400180133,45.20630891595847
1314,48.52952213103982,34.18436545607693
1315,68.01163962083388,42.417750897701254
1316,86.41872141849147,62.080936137853186
1317,55.762769143991385,34.32040028070346
1318,46.531824892495955,32.79974328613812
1319,85.64370980773089,65.90521782648253
1320,45.33448168938249,32.063265911653716
1321,73.75602601538742,49.10440257372837
1322,22.899305232964274,31.640798373340548
1323,22.378854268982735,29.7419269428651
1324,53.64344445761297,35.817781850941564
1325,74.59366662031974,47.07997734977891
1326,65.44270947920282,42.44747431871788
1327,99.64820592282015,93.37753498761691
1328,67.45772384588165,42.2237692421329
1329,30.183489386806812,33.347238598732396
1330,65.41270529084058,39.85934038149379
1331,29.956124749019555,28.474612487090962
1332,58.58591072167805,38.56723554038186
1333,63.85825959261672,40.502887168089316
1334,51.638296492724464,35.95078961016872
1335,57.6388652022419,37.672733677067114
1336,34.497049007969245,29.03298315308284
1337,58.691328808674115,37.53561336582806
1338,61.291565085643725,38.18115197968777
1339,58.32929960343623,37.525579385171326
1340,58.63997385165612,37.66746758839157
1341,49.04779973327713,30.38717067306554
1342,49.71150633185249,37.232450942097515
1343,25.529635043978345,29.196124318995995
1344,96.17698149505182,82.66694026100994
1345,56.17281540962934,37.52126313198172
1346,91.43865506428827,70.67490718023491
1347,97.77324271435135,87.08809186657187
1348,23.198518616646176,28.76938568613524
1349,41.65898966984077,30.10857157064872
1350,28.03182707812253,29.354779310970784
1351,98.9930233517709,89.7893811262512
1352,75.84528753224896,51.90087473737511
1353,63.30818180939535,41.081843859506286
1354,21.258877651123058,32.10094020320431
1355,52.52994039819566,34.734597915451175
1356,37.17815161150491,31.336391660237865
1357,55.51645776871703,33.81158897581941
1358,60.038604347062005,37.340298769177785
1359,78.61500871252133,55.892401831187705
1360,48.20976078163092,36.2578575148793
1361,22.781830137358714,31.635377490672564
1362,56.93981410115457,39.330732651733655
1363,21.704015954575702,28.29160264811165
1364,74.29208704173206,50.28916432525619
1365,78.87353398318416,55.782123798314984
1366,81.10810620788742,55.83897484826848
1367,51.486386693662354,32.94610839296409
1368,91.43042888772455,74.2953892736138
1369,36.597953669567076,32.64740691287308
1370,80.90323208166586,55.204950161581735
1371,24.789950425442086,27.790839164177836
1372,94.97230447639664,80.43827114574681
1373,74.55974028571234,47.89689607059514
1374,35.16487771829758,30.878685432342078
1375,90.57361561761593,72.98399928608055
1376,77.98566951029764,53.06777854928286
1377,37.15279906268208,29.675375720145855
1378,39.80826771217892,29.997956981208635
1379,65.70984552311413,41.91042300499969
1380,23.662238099928928,26.16727675627812
1381,41.42436464099228,33.67458761575524
1382,75.3391925813385,49.84130091977107
1383,76.81013651004905,52.36613397462851
1384,98.35013469843577,85.97112953208405
1385,35.50105515223863,33.1534917504639
1386,65.0372242042535,45.2602890525939
1387,65.6766944478543,40.688861129275864
1388,33.363348067250634,31.344584396320833
1389,64.79656829777,43.391313753047875
1390,54.8616483783148,35.603320627513256
1391,31.42419702121221,32.54167739408462
1392,32.34080274817906,32.289290341689984
1393,37.0500403630992,29.18447604114988
1394,76.61601228876836,53.14468112342542
1395,44.66445846891855,27.75093385533875
1396,79.98697415076751,57.551860217327274
1397,88.79910100529177,69.88101175038072
1398,50.076147804592814,38.57085494963363
1399,98.72582014372082,88.77415420606289
1400,49.448635540505535,33.44065508528949
1401,83.86430110076783,64.5209426981379
1402,63.337827851005244,42.62007593746595
1403,91.90117496424756,73.61708569314331
1404,68.43946788995524,39.83152950272003
1405,35.402615257420045,31.9680839685586
1406,60.12770698208527,36.20190268705664
1407,99.0615857006979,92.63291994155688
1408,24.13567018299868,33.00390154968509
1409,24.023700535387604,25.59728500013539
1410,66.32233500615094,42.91537225249409
1411,58.51734350816467,39.09505288068223
1412,89.15456710923155,67.24884043410229
1413,56.31571717410738,34.34355532862407
1414,22.245728118896757,30.343439690082384
1415,35.31495031161213,31.82610489107549
1416,46.309354839026994,31.950968535209594
1417,44.82404861365868,33.08377427863193
1418,33.96838516699965,29.85521267347179
1419,80.14243485029533,53.56309432258866
1420,72.50411888217293,48.957664205473925
1421,53.30357696049089,33.38723844958738
1422,62.90405769478948,40.156749347411214
1423,46.86165429425721,32.829938013601236
1424,72.46415684105634,46.02990328704137
1425,44.800747894826564,31.322124648671558
1426,77.2658096852745,49.95862056549838
1427,86.75908906802837,66.35303277050018
1428,96.73998742220384,84.71911207161436
1429,37.64094360726276,27.379676366688475
1430,73.22789739240528,51.57821860569093
1431,89.73077350596873,73.14020752347557
1432,29.873395647749376,34.99341076729346
1433,58.98959803653776,35.04646903525046
1434,72.11764099221818,51.140623615647726
1435,49.188938071528916,31.917672773890857
1436,53.40402968415714,34.30106165478897
1437,82.22611282442307,61.845496414362614
1438,71.54242744071675,43.273052247829604
1439,63.664017046991304,39.49890731145002
1440,89.30249980420126,70.82535880938157
1441,64.51041909282068,38.24685860992781
1442,41.80982748164618,33.807273632815146
1443,62.29283165724701,35.47953103141039
1444,44.4999182894483,31.706149808202287
1445,70.99180785178146,46.06845053654853
1446,59.343292402911985,35.40416120431487
1447,82.49215332457901,59.179059383717664
1448,84.46430176003017,59.30123185588412
1449,71.11385849240325,46.22083299407781
1450,63.77549583480623,39.35902237190284
1451,76.53507472213664,52.454310494846034
1452,41.48042928902086,33.42467119983339
1453,80.84107554748982,51.2768588405648
1454,82.98563870918161,61.622048954272856
1455,66.83462723738705,40.293499266032654
1456,95.66006584652638,82.41285485717775
1457,93.30467594823291,77.99154059175989
1458,80.47182027356087,57.30690567280555
1459,75.4133518612521,50.399545424396194
1460,80.99138927881442,53.43207838588885
1461,92.54340296667424,76.27867592383177
1462,92.96432327115157,79.09118746517761
1463,64.67839278212952,40.99129606538885
1464,67.11487056609624,42.45896590929347
1465,63.83451462575845,39.57317434656743
1466,95.9521343942288,85.4029604494616
1467,98.93950201322355,89.38284913975377
1468,47.723296365015784,33.582531635085296
1469,62.4766494597976,38.74320921950679
1470,51.28699581108493,34.99673682351609
1471,74.65646164218761,48.262683522035225
1472,34.9810056644796,33.142268209983285
1473,89.77924031893242,66.23231372957618
1474,63.083550786794625,43.97414751028863
1475,76.86284622313694,55.390120141328936
1476,90.52133126010368,69.92195163953633
1477,71.64651920075521,48.10485550700123
1478,32.93653221814757,32.6248599094446
1479,94.60411130223846,80.97388050791895
1480,54.73361949970546,34.15388547780068
1481,74.3429724310239,49.78289754047982
1482,37.32737627625872,30.051708279632397
1483,31.8770281948295,31.366205461782123
1484,84.95284488040988,61.39926580155728
1485,64.47033835873127,39.27972969091333
1486,71.70552076812682,43.26572374037885
1487,43.456876805422546,32.893619488283626
1488,69.03125299642612,43.13963451874814
1489,57.75072826516834,38.93696579178065
1490,91.40024375961804,73.88625785367104
1491,90.53587569746746,73.21550718273683
1492,50.70978897023458,33.7561929258078
1493,70.54076449651473,42.63849340718816
1494,75.72159841963114,53.274001973171956
1495,36.377245784946766,30.735330372109832
1496,44.75959603284522,32.82379014711361
1497,80.56454214868121,56.61489291742631
1498,63.345629946806135,40.941189121042505
1499,40.160709180655374,31.93098118986331
1500,42.40140831178081,29.58598462001923
1501,23.512634686978906,29.094531733479712
1502,24.54748711744262,27.397578648873665
1503,40.43204292786393,31.967801180519793
1504,59.02414876019514,40.36001767985176
1505,97.11880723414679,87.13939285693363
1506,80.04157641002358,53.755257216057494
1507,96.66390306809224,86.21403283668037
1508,94.67205341013324,78.27258703304045
1509,86.25153873287312,64.49241307547025
1510,33.31668681354846,32.365996720199604
1511,33.438571105072235,33.015937425185356
1512,25.30716786368511,30.00930634778939
1513,37.72876438371029,31.321582068775413
1514,96.51690449145038,80.54570719469025
1515,81.34080850224603,56.22302886579311
1516,29.452997162787355,28.916554260728805
1517,34.929768567965766,32.25538189686668
1518,91.11957136426315,72.519169304149
1519,34.58129977818771,28.731963728784972
1520,67.79617957902676,42.602590560976935
1521,95.80641071684529,86.28419134350146
1522,89.98187200290079,71.83090476167797
1523,67.95172433796441,41.68837751482026
1524,48.033508988073365,33.475393493687186
1525,24.246918877911227,29.824912309678506
1526,85.52041884807933,64.90722160147514
1527,87.40944769408621,65.86096275166081
1528,59.529283801872296,37.15379474456619
1529,23.07504089195918,30.99334262629864
1530,93.30357718408592,73.74065976039712
1531,88.70947243475749,68.18635375583192
1532,38.85304938973452,30.123262117012384
1533,43.554184779368875,34.55435013696671
1534,25.082894392045034,31.920641020035813
1535,54.10113874286098,35.631769224542225
1536,99.06790212526934,93.29006542938886
1537,62.759926578550264,36.77868834082317
1538,22.229572525418284,28.774929097896198
1539,58.54581928556341,36.88987185248295
1540,97.23624791469621,87.87298285184197
1541,72.8742367937387,52.245348065601576
1542,70.99149854698592,46.07800306060086
1543,59.34278904423094,37.27350578498628
1544,22.82581601839621,32.83438151644546
1545,84.84666873301799,62.48665515427421
1546,54.88858254585445,35.17799981041841
1547,67.00409668862164,44.41072880626918
1548,73.61639839044537,48.14656443213375
1549,95.11310603405165,83.0477970015551
1550,35.031570860268246,33.9620899286631
1551,93.1158172313507,75.87765752754896
1552,68.51229269622708,42.58307695005613
1553,30.99475943840888,29.436836342577692
1554,52.88011505598433,34.68876214479888
1555,88.41291731259919,68.80318943041136
1556,40.74695869018982,29.163050859335904
1557,70.31985845426048,43.22985062547795
1558,35.98790851824689,28.646810764123668
1559,48.73792977810364,32.462088465461854
1560,60.85578997917628,39.547136992098146
1561,79.300122000119,55.308687167973126
1562,50.805776932554394,33.40716099418261
1563,53.471199155034114,35.00068467648235
1564,43.53567685887703,31.586633624937978
1565,53.00906666570132,37.818155549467875
1566,31.43231547667021,27.836355264153422
1567,46.9497789062741,36.03822607716372
1568,47.4947022501935,34.110372907322336
1569,66.62152641382869,41.72757211130827
1570,95.721868738092,84.75310528523462
1571,71.61500600061393,45.33769329604411
1572,38.31402566290622,32.787697943509436
1573,45.85292316916396,35.29604069195124
1574,52.27219588117645,36.45891578132953
1575,96.9623545411004,84.8481484178595
1576,28.68952394274543,31.76648428357214
1577,92.19433304456257,77.65861053729522
1578,59.80715356007893,36.84772007846993
1579,85.14361997715466,59.139186703616225
1580,79.48684516843949,52.876818419700655
1581,99.07207170877088,89.72478107289092
1582,35.769550804731395,32.30038026045363
1583,67.22243210329044,45.78064013775899
1584,94.21496484376459,78.89936639713228
1585,79.3735437466726,52.97934150470367
1586,69.79452337118511,45.11254497747944
1587,27.137839360691167,31.859169691871813
1588,53.12488334719218,33.41359371133664
1589,65.31052980898903,39.759046840486384
1590,34.651174888712575,28.67455123148038
1591,53.926555471531834,34.96810178482945
1592,53.580967690249736,36.049765016313074
1593,56.187273349586,34.18684907940889
1594,44.7033563708372,31.14574174043453
1595,30.30606909496435,29.28483411266415
1596,52.164197507045664,32.80729325497765
1597,92.68084204931017,76.5946769840925
1598,89.59550288095548,66.27223374148107
1599,57.653229030239636,35.843708680339425
1600,86.79829352573846,66.91599111834876
1601,47.32957053830341,32.72553809608654
1602,80.18056583749618,54.75152544624764
1603,93.80836383132477,79.83220358502369
1604,49.374743861244525,35.78424290117745
1605,45.10129285497692,27.70142323578273
1606,43.35814428016364,32.75329470050337
1607,41.13287229363599,31.574319221156504
1608,89.22628836249443,69.51058305838832
1609,51.13974677072618,30.970075002868526
1610,60.067196509895886,39.48449956877316
1611,85.68213103632239,62.53248201957157
1612,31.81184155512705,28.507600011861673
1613,37.72908747504975,30.642483124124766
1614,27.524011352495144,29.253699587370967
1615,51.10078687401004,37.18853570227102
1616,53.621752897564285,37.31739249921276
1617,20.18995724883327,29.798155771012297
1618,21.284661256068507,31.867771816928613
1619,51.60091172353838,35.088431716264544
1620,41.049491766236955,31.78752688164801
1621,65.96531276873831,44.75076896564531
1622,74.05041810827424,49.677110623479706
1623,41.79145147605935,35.07923545987308
1624,98.96174386846202,92.36348756088884
1625,67.32640949544435,39.54080521713765
1626,99.88818725482676,93.0566688386158
1627,89.53471540864675,69.16328238305836
1628,93.12517460318317,77.45368568414705
1629,62.11802747617965,37.559734766959544
1630,32.908279631578935,29.702108438552774
1631,25.870754580138076,30.08453515700307
1632,86.35996108416398,64.2514267707952
1633,41.474413800803646,30.691576356496682
1634,33.602337972906824,31.988598100956093
1635,93.27706347534391,78.56368604434589
1636,27.764511716317443,31.800839534756022
1637,22.210463104662157,27.215793109116305
1638,83.41683954469053,56.13259646847082
1639,58.13780658831967,38.700217724045935
1640,85.66308845359762,63.33929350312019
1641,43.23754446941024,31.417260017676753
1642,77.18175991057723,52.68389810370529
1643,65.05110277396162,41.49323379340384
1644,48.58798528920225,32.16464813742548
1645,39.124055777503706,32.16791685694023
1646,71.87718242479522,42.4576699347873
1647,21.82005259972236,33.1086877712209
1648,20.43221264657494,31.330474256007097
1649,52.1011050876583,31.766236490517105
1650,66.50382915615165,41.557875284332106
1651,58.938388572069975,37.21141858121882
1652,21.057691906038272,32.8245924696781
1653,39.87763005660234,28.777621063940366
1654,84.22071298433416,63.28299786559969
1655,47.904785284882784,33.074389278496135
1656,81.36998418243621,56.08767695758652
1657,72.63292223521526,47.49719661363706
1658,60.433777586279554,40.01767217367936
1659,22.61818800073998,32.49691174782825
1660,52.65752181401611,37.4689004860388
1661,20.18500289089456,28.7664123989291
1662,21.893764953604943,29.962519413935944
1663,88.68932383868211,73.28592564995326
1664,21.877852778317155,34.56823580877243
1665,53.0153913584565,33.5651938219865
1666,37.06780548888478,28.66347771878618
1667,50.24203383736845,31.7793011536075
1668,42.41267994739184,30.37964480377107
1669,82.33358956060204,60.797908814669015
1670,55.40863167550884,36.89843328357755
1671,40.55032319681288,30.654774309679176
1672,41.49772271291516,32.18828975533374
1673,20.006693966609728,26.260073495042807
1674,28.52967799282797,31.804097511164084
1675,76.67883922070916,49.729486998894316
1676,37.992412961456175,29.3603853203958
1677,60.2683003842631,36.90465094364598
1678,52.983391535982996,34.18811360496229
1679,26.630664312542542,32.621252660896474
1680,75.46531664023793,51.97473349072012
1681,54.643647546963194,34.99495355240239
1682,82.90291509381672,59.9463067349947
1683,22.648558480202333,30.408562446492297
1684,53.732765735560825,36.58541305192767
1685,70.98084710726194,44.4231475039071
1686,97.11753113862301,90.15005932168262
1687,23.9768061746984,26.099767302486576
1688,38.83207828510091,30.66791606924523
1689,91.73800407861657,76.7186229572746
1690,51.80153663413294,34.15390033995179
1691,40.985034301672385,29.81329538091738
1692,45.57448584842633,31.840764032839505
1693,61.715934668999125,39.7680592965464
1694,28.653932426234753,29.772501257038183
1695,59.304665060199795,39.02090325354571
1696,67.43745705249339,41.44481646624242
1697,64.41338102130965,39.877566640510594
1698,31.38943189277284,31.964424393117046
1699,83.15652116754,60.62491385836224
1700,92.83150142132624,79.38442164651075
1701,95.12242726220676,87.00192407076142
1702,39.358613624359286,31.18588226856687
1703,69.14308705965051,48.02046729632259
1704,81.7460283558149,56.978493034826116
1705,37.09034592771437,29.684483757596173
1706,72.50492583666994,46.479214811613716
1707,69.6511315703829,43.62442965334405
1708,95.58578799122111,82.94526035878388
1709,84.12456869723816,60.599908081217215
1710,71.7170868789008,43.85771582849207
1711,99.7763762599769,91.20430659910093
1712,93.36108739798394,81.12011665044784
1713,27.183445975700337,28.99066669474015
1714,79.54724406997977,51.8236732893254
1715,43.46264507811944,29.894115740549676
1716,89.13293686295523,69.73460355227823
1717,76.82117638432807,51.86548726130114
1718,50.05889472965591,34.73206022855208
1719,89.51557054652599,72.61230466544075
1720,60.96433298933208,35.77294362959116
1721,86.2073820792394,66.63674754415943
1722,63.126053795552465,36.60654057183061
1723,37.172160855206364,30.897589692474384
1724,84.26377612647687,61.84049400520233
1725,29.45039003911443,30.697320376302564
1726,94.52990749559864,80.48225699412367
1727,43.36060976549318,31.997912090831605
1728,69.08001376566247,41.066198351159684
1729,29.111446952270448,28.994180846889325
1730,78.38732055348657,52.31675801862847
1731,20.163378499178435,28.507638149795767
1732,85.52130478462557,69.01933596578456
1733,68.9616594160449,42.47184140728732
1734,32.60034823874016,29.381663663799618
1735,95.1823696807502,83.16244141581133
1736,25.846666407541417,33.58120136286231
1737,83.73738106248547,61.67574358694416
1738,21.81470668714126,26.188418052884824
1739,55.64938866027555,36.73993857891757
1740,50.60747797286087,35.470254129724424
1741,93.79834487643028,79.13451093353352
1742,84.05108668835969,57.05656618089026
1743,53.20688127277427,34.87903014426107
1744,54.10229363677008,34.14413996376362
1745,27.142840121988634,33.7636427518334
1746,89.9348328015682,69.65571679027508
1747,50.53596439705352,32.63033914329119
1748,74.6106088572923,52.3343063860126
1749,82.00554153173448,57.96334429640887
1750,92.69521355808878,74.81112216483666
1751,34.56336919154851,29.7502031867055
1752,40.12734129876406,33.31988976028019
1753,23.803190748982583,30.242343836081087
1754,25.783145050251683,32.213852780835566
1755,27.432493228828108,25.467517464332794
1756,71.39072111090192,47.10721667399931
1757,40.079468974552,33.27799691931783
1758,50.00532953555337,33.412341942143954
1759,96.99387960900579,84.54851684325901
1760,60.867171547636204,43.67226702489182
1761,68.62433352171891,42.621007668612414
1762,79.05469892060295,51.8556130236314
1763,42.3217282395412,31.475552578173613
1764,93.71955166311173,76.3724381633557
1765,96.83459542291698,83.08839814141639
1766,48.07704624465878,33.728367687233636
1767,38.16226507785391,29.050491082193243
1768,44.26947354070247,32.78279258697664
1769,94.50124713708502,79.29095846620223
1770,77.41545260822241,50.239986960596575
1771,68.04342451240433,43.426747746661604
1772,86.07769674115283,62.55366044522901
1773,22.73903358650565,30.795518668267913
1774,82.82585781201625,57.67221896457104
1775,59.856460879464706,37.69177622032685
1776,71.2044120633858,42.07049495629802
1777,31.404527101002948,28.384594305175312
1778,84.81442438160184,65.29502852779805
1779,88.24268509111106,70.92385503933602
1780,71.11285804061804,47.58156110806962
1781,76.65106300588477,48.636218469284444
1782,43.594363642162264,32.01528434541627
1783,21.21452291773867,29.90493687509897
1784,35.32064596763891,30.99316261494042
1785,35.673014177575936,32.709165718327945
1786,78.9013778314083,58.36087453261711
1787,89.52601010907777,70.02096637071146
1788,43.43687822545827,32.187366740778955
1789,58.64558576646557,37.33720441943144
1790,82.54669421814047,59.71620763665764
1791,30.54835206529665,29.691103938327966
1792,28.143468304807165,31.756329385631673
1793,81.86077219967233,61.56948914396996
1794,45.996141618701245,32.69077385634796
1795,55.334901380237994,34.86761297914649
1796,23.003948916567253,28.114119096550894
1797,21.00025680713415,29.752700636629946
1798,26.97767016625475,30.34891682195515
1799,56.60599108561676,30.803874969836844
1800,40.52622641292709,32.78268940564114
1801,88.8200573812636,66.2683244822718
1802,51.598788737716575,37.58869811092618
1803,51.70639277782215,32.362887409472265
1804,43.536873041668656,28.05347148504179
1805,40.66721242261337,30.306750864843917
1806,95.85820619406998,81.59764684629403
1807,89.19874841824439,75.8483565138374
1808,36.347846907764925,32.251330929003615
1809,79.08135977166653,54.884853764532096
1810,37.9653671098097,32.72607084775884
1811,82.87090600951343,60.68988152919777
1812,64.38215655143544,38.23550206826906
1813,49.38271397798399,36.22512710802373
1814,93.2026514557756,79.55395405236536
1815,68.55522342599667,41.84771715975708
1816,73.19938631763787,46.34263522737899
1817,56.777869962056826,36.77962710747876
1818,57.100574880479925,34.651333254282356
1819,20.435189508865655,29.213561041025248
1820,68.28750353735148,43.420117497796284
1821,41.183133717324,29.163236794260186
1822,60.9588229676217,38.57954721617868
1823,87.94115067166848,69.41249724682606
1824,21.486808908357915,29.639915336797554
1825,29.485114320782237,31.342710403755156
1826,92.97037271689886,76.20728257930031
1827,92.43190994190182,76.3621697083477
1828,43.1353578879635,32.41773780963525
1829,70.16220614517314,47.18253028964725
1830,29.053665706231307,29.481496586332955
1831,20.957167769498255,32.2539806008265
1832,38.42871669712993,31.104756007689925
1833,86.25270619524757,63.2557949465282
1834,46.74688933655648,32.02852375320919
1835,29.304453207515515,29.284917488599973
1836,66.90893584869048,44.98826752203867
1837,78.93303479968525,53.59588082767671
1838,65.9840504734844,41.30928483138679
1839,56.3870672681982,39.275526240169924
1840,96.79930160496683,82.97654559711
1841,33.42084355728262,31.248620103641837
1842,99.9727842484444,90.8845044947922
1843,46.981158377353786,29.33005948269913
1844,36.77479275608004,27.747298581518265
1845,66.09059230816197,40.04087654221362
1846,76.29721802595682,51.258082536497135
1847,49.2077648215128,35.759706463983136
1848,50.46819256540783,31.42532065041355
1849,23.297933012814084,31.20556914713413
1850,24.774472552859834,30.901731660327837
1851,86.85863903070357,61.46046116476755
1852,52.513619467264604,36.48915459878594
1853,40.09634852728755,32.97925982654455
1854,93.43025753267119,80.40524839222249
1855,53.72366453617835,32.290757580354956
1856,90.30560369589212,68.70813315854234
1857,64.05060100958549,41.147389959267635
1858,47.16508637947635,29.083097150648126
1859,32.68194331355387,31.4474973375992
1860,34.76180490892023,31.786451323444155
1861,94.6602641715321,80.9702188506204
1862,84.07702553206745,62.8158968035925
1863,32.255053053719884,33.24535440160019
1864,27.473277228897235,30.415835175719454
1865,73.61781711486805,48.63232143675214
1866,99.96549331832406,94.67236879442628
1867,25.361302184152457,28.99453965747201
1868,57.23455758955471,33.85022306022539
1869,52.121078566722744,39.84654582346189
1870,34.98081838347052,28.845763585383075
1871,44.458951168647474,28.509896307268875
1872,85.94623997068852,62.53779115115732
1873,66.7616291285436,42.291008387227535
1874,28.752741084565177,30.42415307081732
1875,57.362181061832025,32.19363265903263
1876,76.91104153890143,54.30976082890454
1877,88.68806671745767,68.44828797846424
1878,57.204438675374554,39.299033429532926
1879,96.0990575506142,84.37003599687101
1880,98.07327460971715,89.46434580396692
1881,70.50708301704125,45.72749732279425
1882,38.246648355946895,34.53894642358169
1883,40.73542525566821,29.561229934459476
1884,52.240981440457574,35.94100661903223
1885,32.77712034202032,28.553553486921146
1886,84.62292461656111,60.823011515299854
1887,43.41622291264447,30.56840404109883
1888,65.3912942844499,42.51133501917103
1889,67.13942992933463,37.60832049795435
1890,56.30577032216402,36.65059186247437
1891,37.76315136637407,32.69117129934122
1892,62.62744929773396,36.29815359122277
1893,76.77944507944547,50.10300754802062
1894,20.405725685131735,28.000645885146838
1895,23.60302494167736,28.465512810749704
1896,72.63191748642203,46.541526882771905
1897,29.368077539258508,31.04759248905541
1898,89.73554361562778,72.72994572717236
1899,89.90860045362602,71.03532195337067
1900,53.302092349957036,34.364650854169064
1901,63.79838798861118,42.12390636242623
1902,25.213903997665934,29.055807459887607
1903,86.98527730807876,66.5017498841378
1904,39.46994887407329,33.047448517709576
1905,81.35424706095574,57.127844440732474
1906,33.746734179169394,30.427957937470463
1907,64.54615493475063,39.549045157340004
1908,85.60428337982715,64.60817128759088
1909,71.88002453601806,47.25223637994766
1910,77.18717718136566,51.89009102991548
1911,39.852866695435566,33.00912579104094
1912,91.07082861937984,72.8431671233535
1913,27.54271590026893,26.812477444617603
1914,26.909460879980962,29.699702213074676
1915,66.16718894973489,42.14084264537396
1916,59.31831024192526,38.69894121677205
1917,66.64803592511971,43.95008738109501
1918,82.31817720878901,57.27151788129548
1919,75.27596402968365,53.24061228278864
1920,41.105429743893765,31.06200352876559
1921,67.03295011972855,40.51057503182995
1922,23.61207560943985,31.886643103337438
1923,33.671785031707756,33.007253088494295
1924,74.54979904244986,53.54138863702169
1925,63.134280498866005,39.67456448217451
1926,98.05002289164825,88.05697404982675
1927,24.76781695035079,30.945402727105762
1928,35.10486646446927,29.337762457953083
1929,85.7320751881547,64.81773763789667
1930,47.65608097720594,30.462701025027553
1931,44.11276858367274,33.509070695180775
1932,36.72707647981167,30.882337418585973
1933,93.36370143492047,76.9849734422999
1934,96.48910234973982,85.12857961525954
1935,65.21922647708183,39.58236287196717
1936,61.42842578223559,38.78061341564405
1937,93.41640563541193,74.17861432178286
1938,57.67319648243674,35.02786118688486
1939,53.628819107439355,37.28763325743672
1940,98.14039435194987,90.81106548084047
1941,40.53453086495253,30.00527296742549
1942,32.80823494319333,31.362906103364594
1943,50.563205959321884,32.750692456716
1944,74.12210808038012,47.424716463154674
1945,90.44420754059317,72.82753594648963
1946,24.53866439748012,32.77533923275517
1947,96.3715679558378,85.35359479070115
1948,66.5686888932468,43.02996315860474
1949,74.72447652267604,52.908972513787106
1950,23.211186683593247,29.58931274156263
1951,58.636757033126436,39.59662553461918
1952,30.826666562517477,34.614536881787814
1953,55.302052631137684,36.61322850750477
1954,73.6446199183749,49.02537507272575
1955,41.94510290458759,34.401216096292075
1956,72.94908738698908,46.25147776170221
1957,37.757950663378004,32.486282549674804
1958,53.09101901987472,34.52237147156029
1959,60.739457807247845,36.69593686855766
1960,58.30140410529657,39.55383449602961
1961,21.322756543366232,31.614690813859106
1962,97.51201324470894,86.27615745973425
1963,20.922005545293043,32.18541562643929
1964,25.670573677596778,31.95776086574846
1965,94.18056059423012,79.27035676495036
1966,45.69068786500289,30.92529591144654
1967,95.38048789987275,83.70881225377302
1968,70.66872960073815,47.88728318537088
1969,96.31514857442542,84.94477998880136
1970,82.15820059281899,60.8780316433028
1971,35.66920096523391,28.84637181624827
1972,38.473740608738225,30.065225573978893
1973,56.08670445245113,38.04512067298125
1974,24.077142608962436,26.574652006678324
1975,48.503304429760554,33.82054841113063
1976,44.8369167647476,32.61282598072313
1977,93.05140189226131,77.84902460214009
1978,46.889717314300285,33.5445670856421
1979,50.46997688252128,33.53967274237106
1980,91.05600300191105,73.07326651097844
1981,63.52332663598091,42.55435262114508
1982,77.77076641212217,53.37946483226311
1983,44.77059974723044,31.86140202044217
1984,93.36762852189617,78.26848038244867
1985,34.80230850797231,31.40907816548823
1986,86.9511484708789,64.98409656519927
1987,33.541202425247356,32.61006685758923
1988,89.66130448897073,68.66140083537749
1989,67.57891797939432,40.42087744922151
1990,54.05414716877587,37.465748758346805
1991,25.035821494190166,29.18283701221217
1992,70.58708426711445,45.3705780377807
1993,95.23882732754639,84.1038552243821
1994,68.50872409534145,44.505630369106576
1995,39.60110068891909,30.146879420112196
1996,50.135777236687176,32.77696799603727
1997,53.402780031569236,32.61959786555425
1998,58.81676446052709,35.81632508125189
1999,28.867122275416904,27.960927769828903
